﻿<?xml version="1.0" encoding="utf-8"?>
<extension type="module" version="2.5" method="upgrade" client="site" >
	<name>Counter for K2(K2Counter)</name>
    <author>Mostafa Shahiri</author>
    <copyright></copyright>
    <license>GNU/GPL</license>
    <authorEmail>mostafa2134@gmail.com</authorEmail>
    <authorUrl>www.extensions.joomla.com</authorUrl>
    <version></version>
	<description>
    with this module you can show count of K2 articles (items) that you like based on date.
   </description>
	<files>
    <filename module="mod_k2counter">mod_k2counter.php</filename>
    <filename>index.html</filename>
    <filename>helper.php</filename>
    <folder>tmpl</folder>
    </files>
    <languages>
    	  <language tag="en-GB">language/en-GB/en-GB.mod_k2counter.ini</language>
          <language tag="fa-IR">language/fa-IR/fa-IR.mod_k2counter.ini</language>
        </languages>
    <config>
    <fields name="params">
     <fieldset name="basic"  addfieldpath="/administrator/components/com_k2/elements/" >
      	<field name="source" type="list" default="create" label="MOD_K2COUNTER_SOURCE_LABEL" description="MOD_K2COUNTER_SOURCE_DESC">
			<option value="create">MOD_K2COUNTER_CREATE_DATE</option>
			<option value="publish">MOD_K2COUNTER_PUBLISH_DATE</option>
		</field>
        	<field name="only_publish" type="radio" default="1" label="MOD_K2COUNTER_PUBLISH_LABEL" description="MOD_K2COUNTER_PUBLISH_DESC">
			<option value="0">JNO</option>
			<option value="1">JYES</option>
		</field>
    	<field name="catid"  type="categoriesmultiple" default="" label="MOD_K2COUNTER_CAT_LABEL" description="MOD_K2COUNTER_CAT_DESC" >
		</field>
    	<field name="show_today" type="radio" default="1" label="MOD_K2COUNTER_TODAY_LABEL" description="MOD_K2COUNTER_TODAY_DESC">
			<option value="0">JNO</option>
			<option value="1">JYES</option>
		</field>
        	<field name="show_yesterday" type="radio" default="1" label="MOD_K2COUNTER_YESTERDAY_LABEL" description="MOD_K2COUNTER_YESTERDAY_DESC">
			<option value="0">JNO</option>
			<option value="1">JYES</option>
		</field>
        	<field name="show_week" type="radio" default="1" label="MOD_K2COUNTER_WEEK_LABEL" description="MOD_K2COUNTER_WEEK_DESC">
			<option value="0">JNO</option>
			<option value="1">JYES</option>
		</field>
        	<field name="show_month" type="radio" default="1" label="MOD_K2COUNTER_MONTH_LABEL" description="MOD_K2COUNTER_MONTH_DESC">
			<option value="0">JNO</option>
			<option value="1">JYES</option>
		</field>
        	<field name="show_total" type="radio" default="1" label="MOD_K2COUNTER_TOTAL_LABEL" description="MOD_K2COUNTER_TOTAL_DESC">
			<option value="0">JNO</option>
			<option value="1">JYES</option>
		</field>
    </fieldset>

    </fields>

    </config>

    </extension>
